Serial No.,Course Slot,Course Code,Course Description,Course Credit,L-T-P,Course Coordinator,Max.Limit
1,P,AMD310,MINI PROJECT (AM),3,0-0-6,VIKRANT TIWARI,30
2,P,AMD811,MAJOR PROJECT PART-I,6,0-0-12,JAYANT JAIN,35
3,P,AMD812,MAJOR PROJECT PART-II,12,0-0-24,JAYANT JAIN,50
4,P,AMD813,MAJOR PROJECT PART-I,6,0-0-12,SITIKANTHA ROY,35
5,P,AMD814,MAJOR PROJECT PART-II,12,0-0-24,SITIKANTHA ROY,50
6,P,AMD895,MAJOR PROJECT,40,0-0-80,AJEET KUMAR,3
7,P,AMD897,MINOR PROJECT,4,0-0-8,K Vignesh Kumar,50
8,P,AMD899,DESIGN PROJECT,10,0-0-20,K Vignesh Kumar,20
9,C,AML701,ENGG. MATHEMATICS & MECHANICS,3,3-0-0,ARGHYA SAMANTA,40
10,D,AML713,APPLIED FLUID DYNAMICS,4,3-1-0,SAWAN SUMAN SINHA,90
11,J,AML732,SOLID MECHANICS,3,3-0-0,S. PRADYUMNA,40
12,E,AML733,DYNAMICS,3,3-0-0,SUHAIL AHMED,90
13,E,AML734,ADVANCED DYNAMICS,4,3-1-0,SUHAIL AHMED,50
14,F,AML751,MATERIALS FOR MARINE VEHICLES,3,3-0-0,Nitya Nand Gosvami,90
15,A,AML771,DECISION THEORY & DESIGN OPTIMIZATION,3,3-0-0,MALOY KUMAR SINGHA,60
16,A,AML791,SHIP RESISTANCE & PROPULSION,3,3-0-0,K Vignesh Kumar,40
17,B,AML792,STRUCTURAL DESIGN OF SHIPS.,3,3-0-0,Arun E,40
18,M,AML794,WARSHIP DESIGN,3,3-0-0,M P Mathew,30
19,H,AML805,ADVANCED FINITE ELEMENT METHODS,3,3-0-0,MALOY KUMAR SINGHA,30
20,AM,APL100,ENGINEERING MECHANICS,4,3-1-0,PUNEET MAHAJAN,250
21,AP,APL100,ENGINEERING MECHANICS,4,3-1-0,ANUPAM DEWAN,250
22,E,APL102,INTR.TO MATERIAL SC. & ENGG.,4,3-0-2,Suresh Neelakantan,400
23,B,APL103,EXPERIMENTAL METHODS,4,3-0-2,VIKRANT TIWARI,150
24,D,APL104,SOLID MECHANICS,4,3-1-0,AJEET KUMAR,150
25,F,APL106,FLUID MECHANICS,4,3-1-0,SANJEEV SANGHI,150
26,D,APL107,MECHANICS OF FLUIDS,5,3-1-2,S.V. VEERAVALLI,90
27,F,APL108,MECHANICS OF SOLIDS,5,3-1-2,SITIKANTHA ROY,120
28,E,APL700,EXPERIMENTAL METHODS,2,1-0-2,S.N. SINGH,75
29,A,APL701,CONTINUUM MECHANICS,3,3-0-0,Sushma Santapuri,105
30,B,APL703,ENGINEERING MATHEMATIC & COMP.,4,3-0-2,Arjun Sharma,90
31,A,APL710,COMPUTER AIDED DESIGN,4,3-0-2,SRIRAM HEGDE,90
32,F,APL753,PROPERTIES & SEL. OF ENGG MAT.,3,3-0-0,JAYANT JAIN,70
33,C,APL765,FRACTURE MECHANICS,3,3-0-0,RAJESH PRASAD,90
34,D,APL775,DESIGN METHODS,3,3-0-0,BADRI PRASAD PATEL,90
35,P,ASD390,MINOR AREA PROJECT,5,0-0-10,Sandeep Sahany,15
36,P,ASD881,PROJECT-I,6,0-0-12,KRISHNA MIRLE ACHUTARAO,12
37,J,ASL320,CLIMATE CHANGE: IMPACTS  ADAPTATION & MITIGATION,4,3-0-2,KRISHNA MIRLE ACHUTARAO,100
38,J,ASL350,INTRODUCTION TO OCEANOGRAPHY,3,3-0-0,VIMLESH PANT,100
39,M,ASL360,The Earth`s Atmosphere: Physical Principles ,3,3-0-0,SAROJ KANTA MISHRA,85
40,K,ASL730,INTRODUCTION TO WEATHER  CLIMA,1,1-0-0,SOMNATH BAIDYA ROY,20
41,D,ASL732,MATHEMATICAL AND COMPUTATIONAL,3,2-0-2,MAITHILI SHARAN,20
42,E,ASL733,PHYSICS OF THE ATMOSPHERE,3,3-0-0,MANJU MOHAN,50
43,H,ASL734,DYNAMICS OF THE ATMOSPHERE,3,3-0-0,S.K. DASH,100
44,B,ASL735,ATMOSPHERIC CHEMISTRY AND AIR,3,3-0-0,DILIP GANGULY,100
45,H,ASL761,EARTH SYSTEM MODELING,3,3-0-0,Sandeep Sahany,85
46,F,ASL762,AIR-SEA INTERACTION,3,3-0-0,A.D. RAO,100
47,P,ASP731,DATA ANALYSIS METHODS FOR ATMO,2,0-0-4,SOMNATH BAIDYA ROY,20
48,A,BBD451,MAJOR PROJECT PART 1 (BB1),3,0-0-6,SHILPI SHARMA,60
49,P,BBD851,MAJOR PROJECT PART 1 (BB5),6,0-0-12,SHILPI SHARMA,60
50,P,BBD852,MAJOR PROJECT PART 2 (BB5),14,0-0-28,SHILPI SHARMA,60
51,P,BBD853,MAJOR PROJECT PART 1 (BB5),4,0-0-8,SHILPI SHARMA,60
52,P,BBD854,MAJOR PROJECT PART 2 (BB5),16,0-0-32,SHILPI SHARMA,60
53,P,BBD895,MAJOR PROJECT,36,0-0-72,RITU KULSHRESTHA,50
54,F,BBL131,PRINCIPLES OF BIOCHEMISTRY,4.5,3-0-3,PRASHANT MISHRA,80
55,D,BBL132,GENERAL MICROBIOLOGY,4.5,3-0-3,SHILPI SHARMA,80
56,H,BBL133,MASS & ENERGY BALANCES IN BIO.,3,3-0-0,SHAIKH ZIAUDDIN AHAMMAD,80
57,D,BBL231,MOLECULAR BIOLOGY & GENETICS,4.5,3-0-3,PREETI SRIVASTAVA,80
58,B,BBL331,BIOPROCESS ENGINEERING,3,3-0-0,A.K. SRIVASTAVA,80
59,C,BBL731,BIOSEPARATION ENGINEERING,4.5,3-0-3,G.P. AGARWAL,80
60,B,BBL732,BIOPROCESS PLANT DESIGN,4,3-0-2,T.R.SREEKRISHNAN,80
61,D,BBL733,RECOMBINANT DNA TECHNOLOGY,3.5,2-0-3,RITU KULSHRESTHA,80
62,H,BBL734,METABOLIC REGULATION AND ENGG.,3,3-0-0,Ashish Misra,80
63,D,BBL735,GENOMICS AND PROTEOMICS,3,2-0-2,D.SUNDAR,60
64,K,BBL737,INST. & ANA. METH. IN BIOENGG.,3,2-0-2,SAROJ MISHRA,80
65,H,BBL741,PROTEIN SCIENCE & ENGINEERING,3,3-0-0,SAROJ MISHRA,60
66,F,BBL743,HIGH RESOLUTION METHODS IN BI.,3,2-0-2,RAVI KRISHNAN ELANGOVAN,60
67,H,BBL750,GENOME ENGINEERING,3,2-0-2,PREETI SRIVASTAVA,20
68,J,BBL810,Enzyme and Microbial technology,3,3-0-0,V.S. BISARIA,40
69,H,BBL820,Downstream Processing,3,3-0-0,SUNIL NATH,40
70,H,BBL830,Microbial Biochemisry,3,3-0-0,SHILPI SHARMA,40
71,L,BBL850,Advanced Biochemical Engineering,5,3-0-4,ATUL NARANG,40
72,NM,BBN101,INTRODUCTION TO BIOCHEM. ENGG.,1,0-0-2,ATUL NARANG,80
73,P,BBP332,BIOPROCESS ENGINEERING LAB,1.5,0-0-3,A.K. SRIVASTAVA,80
74,P,BBP840,Laboratory techniques in Microbial Biochemistry,2,0-0-4,ATUL NARANG,40
75,P,BBQ301,SEMINAR COURSE - I,1,0-0-2,Ashish Misra,20
76,P,BBQ302,SEMINAR COURSE - II,1,0-0-2,P.K. ROYCHOUDHURY,20
77,P,BED800,MAJOR PROJECT,40,0-0-80,RITU KULSHRESTHA,50
78,A,BMD742,Minor Biodesign Project,4,0-0-8,AMIT MEHNDIRATTA,20
79,X,BML710,INDUSTRIAL BIOMATERIAL TECHNOLOGY,3,3-0-0,VEENA KOUL,60
80,H,BML720,MEDICAL IMAGING,3,3-0-0,AMIT MEHNDIRATTA,50
81,K,BML770,FUNDAMENTALS OF BIOMECHANICS,3,3-0-0,DINESH KALYANASUNDARAM,31
82,X,BML800,RESEARCH TECHNIQUES IN BIOMEDICAL ENGINEERING,3,3-0-0,SNEH ANAND,20
83,K,BML810,TISSUE ENGINERING,3,3-0-0,NEETU SINGH,40
84,J,BML830,BIOSENSOR TECHNOLOGY,4,3-0-2,SANDEEP KUMAR JHA,12
85,M,BML850,Cancer : Diagnosis and Therapy,3,3-0-0,Jayanta Bhattacharyya,40
86,B,BMV701,Basic Electronics ,1,1-0-0,Deepak Joshi,60
87,F,BMV702,Basic mathematics for biologists ,1,1-0-0,ANUP SINGH,60
88,F,BMV703,Basic Biology & Physiology ,1,1-0-0,AMIT MEHNDIRATTA,60
89,D,BMV705,Mechanics of Biomaterials ,1,1-0-0,DINESH KALYANASUNDARAM,60
90,P,BSD895,MAJOR PROJECT(MSR),36,0-0-72,SAIF KHAN MOHAMMED,20
91,P,CEC410,COLLOQUIUM (CE),3,0-3-0,SHASHI MATHUR,104
92,P,CED310,MINI PROJECT (CE),3,0-0-6,BABU J.ALAPPAT,2
93,P,CED411,MAJOR PROJECT PART 1 (CE),4,0-0-6,BABU J.ALAPPAT,103
94,P,CED412,MAJOR PROJECT PART 2 (CE),8,0-0-14,BABU J.ALAPPAT,50
95,P,CED821,MAJOR PROJECT PART - I,6,0-0-12,GURMAIL S. BENIPAL,25
96,P,CED822,MAJOR PROJECT PART-II,12,0-0-24,GURMAIL S. BENIPAL,50
97,P,CET410,PRACTICAL TRAINING,0,0-0-0,SHASHI MATHUR,81
98,P,CHD411,MAJOR PROJECT PART 1 (CH),4,0-0-8,JYOTI PHIRANI,10
99,P,CHD412,MAJOR PROJECT PART 2 (CH),8,0-0-12,JYOTI PHIRANI,30
100,P,CHD781,MAJOR PROJECT PART 1 (CHC),6,0-0-12,SHALINI GUPTA,28
101,P,CHD782,MAJOR PROJECT PART-II,12,0-0-24,SHALINI GUPTA,5
102,P,CHD871,Major Project Part 1 (CM),6,0-0-12,DIVESH BHATIA,45
103,P,CHD872,MAJOR PROJECT PART II (CM),14,0-0-28,DIVESH BHATIA,4
104,P,CHD873,Major Project Part 1 (CM),4,0-0-8,DIVESH BHATIA,1
105,P,CHD895,MAJOR PROJECT,40,0-0-80,SHALINI GUPTA,20
106,P,CHT410,PRACTICAL TRAINING,0,0-0-0,GAURAV GOEL,20
107,P,CLD411,B. TECH. PROJECT,4,0-0-8,JYOTI PHIRANI,80
108,P,CLD781,Major Project - I ,8,0-0-16,SHALINI GUPTA,50
109,P,CLD880,MINOR PROJECT,4,0-0-8,SHALINI GUPTA,55
110,A,CLD881,MAJOR PROJECT PARTI,8,0-0-16,SHALINI GUPTA,55
111,P,CLD882,MAJOR PROJECT PARTII,12,0-0-24,SHALINI GUPTA,55
112,P,CLD895,MSR Major Project,40,0-0-80,SHALINI GUPTA,5
113,B,CLL110,TRANSPORT PHENOMENA,4,3-1-0,S.K. GUPTA,210
114,F,CLL111,MATERIAL AND ENERGY BALANCE,4,2-2-0,ANIL KUMAR SAROHA,125
115,E,CLL113,NUMERICAL METHODS IN CHEMICAL,4,3-0-2,PARESH PRAVINCHANDRA CHOKSHI,130
116,A,CLL141,INTRODUCTION TO MATERIALS,3,3-0-0,ANUPAM SHUKLA,120
117,B,CLL222,CHEMICAL REACTION ENGG - II,3,3-0-0,KAMAL KISHORE PANT,130
118,F,CLL252,MASS TRANSFER I,3,3-0-0,A.N. BHASKARWAR,180
119,E,CLL261,PROCESS DYNAMICS AND CONTROL,4,3-1-0,MANOJKUMAR CHARANDAS RAMTEKE,180
120,E,CLL296,NANO-ENGINEERING OF SOFT MATE.,3,3-0-0,GAURAV GOEL,45
121,D,CLL331,FLUID PARTICLE MECHANICS,4,3-1-0,SUDIP KUMAR PATTANAYEK,160
122,C,CLL701,MODELLING OF TRANSPORT PROCESS,2,2-0-0,VIVEK VITTHAL BUWA,90
123,A,CLL702,PRINCIPLES OF THERMODYNAMICS ,2,2-0-0,SHANTANU ROY,90
124,H,CLL703,PROCESS ENGINEERING,3,3-0-0,SHALINI GUPTA,90
125,D,CLL705,PETROLEUM RESERVOIR ENGG.,3,3-0-0,JYOTI PHIRANI,50
126,E,CLL720,PRINCIPLES OF ELECTROCH. ENGG.,3,3-0-0,ANIL VERMA,45
127,B,CLL723,HYDROGEN EN. & FUEL CELL TECH.,3,3-0-0,SUDDHASTWA BASU,70
128,D,CLL725,AIR POLLUTION CONTROL ENGG.,3,3-0-0,DIVESH BHATIA,45
129,B,CLL736,EXP. CHA. OF MULTIPH. REACTORS,3,3-0-0,VIVEK VITTHAL BUWA,40
130,F,CLL768,FUNDAMENTALS OF COMP. FLUID DY,3,2-0-2,JAYATI SARKAR,40
131,E,CLL769,APP. OF COMP. FLUID DYNAMICS,3,2-0-2,RATAN MOHAN,40
132,F,CLL777,COMPLEX FLUIDS TECHNOLOGY,3,3-0-0,RAJESH KHANNA,45
133,B,CLL780,BIOPROCESSING & BIOSEPARATIONS,3,3-0-0,ANURAG SINGH RATHORE,45
134,D,CLL791,CHEMICAL PRODUCT & PRO. INTE.,3,3-0-0,SHANTANU ROY,40
135,F,CLL794,PETROLEUM REFINERY ENGINEERING,3,3-0-0,SREEDEVI UPADHYAYULA,40
136,NM,CLN101,INTRODUCTION TO CHEMICAL ENGG.,1,0-0-2,GAURAV GOEL,130
137,F,CLP301,CHEMICAL ENGINEERING LAB I,1.5,0-0-3,VIKRAM SINGH,190
138,F,CLP303,CHEMICAL ENGINEERING LAB - III,1.5,0-0-3,DIVESH BHATIA,190
139,P,CLQ301,SEMINAR COURSE - I,1,0-0-2,SUDIP KUMAR PATTANAYEK,40
140,CP,CMD631,PROJECT PART I,6,0-0-12,S.NAGENDRAN,55
141,CP,CMD799,MINOR PROJECT,3,0-0-6,SHASHANK DEEP,25
142,CP,CMD806,MAJOR  PROJECT PART - I,9,0-0-18,SHASHANK DEEP,25
143,CP,CMD807,MAJOR  PROJECT PART - II,9,0-0-18,SHASHANK DEEP,25
144,EP,CML100,INTRODUCTION TO CHEMISTRY,3,3-0-0,NARAYANAN D.KURUR,227
145,CM,CML100,INTRODUCTION TO CHEMISTRY,3,3-0-0,NARAYANAN D.KURUR,228
146,E,CML102,CHEMICAL SYNT. OF FUNC. METER.,3,3-0-0,A.RAMANAN,55
147,H,CML103,CHEMISTRY OF INTERFACES,3,3-0-0,SHASHANK DEEP,120
148,E,CML511,QUANTUM CHEMISTRY,3,3-0-0,HEMANT KUMAR KASHYAP,100
149,D,CML512,STEREOCHEM. & ORG. REAC. MECH.,3,3-0-0,NIDHI JAIN,60
150,H,CML513,PHOTOCHEM. & PERICYCLIC REACT.,3,3-0-0,GHOLAP SHIVAJIRAO LAHU,60
151,F,CML514,MAIN GROUP CHEMISTRY,3,3-0-0,ANIL JACOB ELIAS,60
152,B,CML515,INSTRUMENTAL METHODS OF ANALYS,3,3-0-0,A.K. SINGH,60
153,F,CML631,MOLECULAR BIOCHEMISTRY,3,3-0-0,TANMAY DUTTA,55
154,E,CML664,Group theory & Spectroscopy,3,3-0-0,PRAMIT KUMAR CHOWDHURY,55
155,H,CML671,Supramolecular Chemistry ,3,3-0-0,NALIN PANT,55
156,L,CML672,INORGANIC POLYMERS,3,3-0-0,S.NAGENDRAN,55
157,B,CML674,Physical Methods of Structure Determination of Organic Compounds,3,3-0-0,N.G.RAMESH,55
158,A,CML681,Physical Methods in Inorganic Chemistry,3,3-0-0,RAVI SHANKAR,55
159,J,CML684,Bio-Inorganic Chemistry,3,3-0-0,D.K. BANDYOPADHYAY,55
160,K,CML691,Microbial Biochemistry,3,3-0-0,SUNIL KUMAR KHARE,55
161,D,CML721,DESIGN AND SYNTHESIS,3,3-0-0,RAVI P. SINGH,30
162,E,CML723,PRINCIPLES AND PRACTICE OF NMR,3,3-0-0,SIDDHARTH PANDEY,40
163,F,CML726,CHEMINFORMATICS,3,3-0-0,B. JAYARAM,50
164,K,CML731,SEPARATION AND ELECTROANALYTIC,3,3-0-0,PRAVIN POPINAND INGOLE,30
165,A,CML733,CHEMISTRY OF INDUSTRIAL CATALY,3,3-0-0,JAI DEO SINGH,30
166,C,CML734,CHEMISTRY OF NANOSTRUCTURED  M,3,3-0-0,SAMEER SAPRA,30
167,H,CML741,ORGANO AND ORGANOMETALLIC CATA,3,3-0-0,Sayantan Paria,30
168,QP,CMP100,CHEMISTRY LABORATORY,2,0-0-4,GHOLAP SHIVAJIRAO LAHU,221
169,QM,CMP100,CHEMISTRY LABORATORY,2,0-0-4,PRAVIN POPINAND INGOLE,225
170,P,CMP511,LAB I,2,0-0-4,S.NAGENDRAN,54
171,P,CMP512,LAB II,2,0-0-4,SAMEER SAPRA,54
172,P,CMP722,LAB ON SYNTHESIS,3,0-0-6,RAVI P. SINGH,15
173,P,COD310,MINI PROJECT,3,0-0-6,RAGESH JAISWAL,40
174,P,COD492,B.TECH PROJECT PART 1,6,0-0-12,RAGESH JAISWAL,120
175,P,COD494,B.TECH PROJECT PART 2,8,0-0-16,RAGESH JAISWAL,120
176,P,COD891,MINOR PROJECT,3,0-0-6,SMRUTI RANJAN SARANGI,40
177,P,COD892,M.TECH PROJECT PARTI,7,0-0-14,SMRUTI RANJAN SARANGI,80
178,P,COD893,M.TECH PROJECT PARTII,14,0-0-28,SMRUTI RANJAN SARANGI,40
179,P,COD895,MSR Project,36,0-0-72,SMRUTI RANJAN SARANGI,40
180,BP,COL100,INTRO. TO COMPUTER SCIENCE,4,3-0-2,VINAY JOSEPH RIBEIRO,250
181,BM,COL100,INTRO. TO COMPUTER SCIENCE,4,3-0-2,RAHUL GARG,250
182,F,COL106,DATA STRUCTURES AND ALGORITHMS,5,3-0-4,MAUSAM,300
183,B,COL202,DISCRETE MATHEMATICAL STRUCTUR,4,3-1-0,AMITABHA BAGCHI,120
184,E,COL215,DIGITAL LOGIC & SYSTEM DESIGN,5,3-0-4,ANSHUL KUMAR,120
185,D,COL333,PRINCIPLES OF ARTIFICIAL INT.,4,3-0-2,SAROJ KAUSHIK,120
186,F,COL334,COMPUTER NETWORKS,4,3-0-2,AADITESHWAR SETH,120
187,H,COL351,ANALYSIS &DESIGN OF ALGORITHMS,4,3-1-0,AMIT KUMAR,120
188,D,COL671,ARTIFICIAL INTELLIGENCE,4,3-0-2,SAROJ KAUSHIK,30
189,F,COL672,COMPUTER NETWORKS,4,3-0-2,AADITESHWAR SETH,30
190,A,COL702,ADVANCED DATA STRUCTURES,4,3-0-2,SANDEEP SEN,60
191,L,COL703,LOGIC FOR COMPUTER SCIENCE,4,3-0-2,S.ARUN-KUMAR,60
192,B,COL719,SYNTHESIS OF DIGITAL SYSTEMS,4,3-0-2,PREETI RANJAN PANDA,30
193,J,COL730,PARALLEL PROGRAMMING,4,3-0-2,SUBODH KUMAR,60
194,E,COL733,CLOUD COMPUTING TECHNO. FUNDA.,4,3-0-2,SURESH CHAND GUPTA,90
195,C,COL750,FOUNDATIONS OF AUTOMATIC VERI.,4,3-0-2,Subodh Vishnu Sharma,30
196,K,COL759,CRYPTOGRAPHY & COMPUTER SEC.,3,3-0-0,NAVEEN GARG,80
197,B,COL765,INTRO. TO LOGIC & FUNCT. PROG.,4,3-0-2,SANJIVA PRASAD,60
198,F,COL768,WIRELESS NETWORKS,4,3-0-2,B.N. JAIN,60
199,X2,COL780,COMPUTER VISION,4,3-0-2,SUBHASHIS BANERJEE,75
200,J,COL783,DIGITAL IMAGE ANALYSIS,4.5,3-0-3,PREM KUMAR KALRA,80
201,H,COL788,ADV. TOPICS IN EMBEDDED COMP.,3,3-0-0,KOLIN PAUL,30
202,H,COL818,PRINCIPLES OF MULTIPR. SYSTEMS,4,3-0-2,SMRUTI RANJAN SARANGI,30
203,A,COL862,SPL TOPICS IN SOFTWARE SYSTEMS,3,3-0-0,SORAV BANSAL,30
204,H,COL865,SPECIAL TOPICS IN COMPUTER AP.,3,3-0-0,PARAG SINGLA,20
205,X,COL866,SPECIAL TOPICS IN ALGORITHMS,3,3-0-0,RAGESH JAISWAL,30
206,X3,COL867,SPL. TOPICS IN HIGH SPEED NET.,3,3-0-0,HUZUR SARAN,30
207,X1,COL868,SPL. TOPICS IN DATABASE SYST.,3,3-0-0,MAYA RAMANATH,30
208,M,COL870,SPL. TOPICS IN MACHINE LEARNI.,3,3-0-0,Sayan Ranu,60
209,NM,CON101,INTRODUCTION TO COMP.SC. & ENG,1,0-0-2,Subodh Vishnu Sharma,120
210,P,COP701,SOFTWARE SYSTEMS LABORATORY,3,0-0-6,HUZUR SARAN,60
211,P,COP745,Digital System Design Laboratory,3,0-0-6,KOLIN PAUL,60
212,P,COQ301,SEMINAR COURSE - I,1,0-0-2,SUBODH KUMAR,30
213,P,COQ302,SEMINAR COURSE - II,1,0-0-2,MAYA RAMANATH,30
214,P,COQ303,SEMINAR COURSE - III,1,0-0-2,SORAV BANSAL,30
215,P,COQ304,SEMINAR COURSE - IV,1,0-0-2,S.K. GUPTA,30
216,P,COS310,INDEPENDENT STUDY (CS),3,0-3-0,RAGESH JAISWAL,40
217,P,COS799,Independent Study,3,0-3-0,SMRUTI RANJAN SARANGI,40
218,P,COV885,SPECIAL MODULE IN COMPUTER AP.,1,1-0-0,SUBHASH BHALLA,30
219,P,CRD811,MAJOR PROJECT PART-I,6,0-0-12,Prabhu Babu,40
220,P,CRD812,MAJOR PROJECT PART 2,12,0-0-24,Prabhu Babu,40
221,E,CRL601,BASICS OF STATISTICAL SIGNAL A,3,2-0-2,Prabhu Babu,20
222,J,CRL611,BASICS OF RF AND MICROWAVES,3,2-1-0,ANANJAN BASU,20
223,E,CRL621,FUNDAMENTALS OF SEMICONDUCTOR,3,3-0-0,Vikram Kumar,20
224,J,CRL707,HUMAN & MACHINE SPEECH COMMUNICATION,3,3-0-0,ARUN KUMAR,30
225,B,CRL709,UNDERWATER ELECTRONIC SYSTEMS,3,3-0-0,RAJENDRA BAHL,30
226,A,CRL711,CAD OF RF AND MICROWAVE DEVICES,4,3-0-2,S.K.KOUL,40
227,H,CRL715,RADIATING SYSTEM FOR RF COMMUNICATION,3,3-0-0,MAHESH P. ABEGAONKAR,30
228,E,CRL726,RF MEMS DESIGN AND TECHNOLOGY,3,3-0-0,Pushpapraj Singh,30
229,F,CRL729,SENSORS AND TRANSDUCERS,3,3-0-0,Ankur Gupta,30
230,D,CRL731,SELECTED TOPICS IN RFDT-I,3,3-0-0,MONIKA AGGARWAL,30
231,C,CRL732,SELECTED TOPICS IN RFDT-II,3,3-0-0,SAAKSHI DHANEKAR,30
232,J,CRL733,SELECTED TOPICS IN RFDT-III,3,3-0-0,MONIKA AGGARWAL,30
233,P,CRP718,RF AND MICROWAVE MEASUREMENT LAB.,4,1-0-6,SAMARESH DAS,40
234,P,CRP723,FABRICATION TECHNIQUES FOR RF & MICROWAVE DEVICES,3,1-0-4,SAMARESH DAS,20
235,P,CVC771,SEMINAR IN CONSTRUCTION TECH,0,0-0-2,KUMAR NEERAJ JHA,30
236,P,CVD411,BTECH PROJECT PART 1,4,0-0-8,BABU J.ALAPPAT,100
237,P,CVD700,MINOR PROJECT,3,0-0-6,JAGDISH TELANGRAO SHAHU,60
238,P,CVD710,MINOR PROJECT,3,0-0-6,TANUSREE CHAKRABORTY,60
239,P,CVD720,MAJOR THESIS PART-I,6,0-0-12,ARUN KUMAR,25
240,P,CVD721,MAJOR THESIS PART-II,12,0-0-24,ARUN KUMAR,25
241,P,CVD726,Minor Project,3,0-0-6,ARUN KUMAR,50
242,P,CVD757,Major Project Part-I (CES),9,0-0-18,GURMAIL S. BENIPAL,100
243,P,CVD758,Major Project Part-II (CES),9,0-0-18,GURMAIL S. BENIPAL,60
244,P,CVD771,MINOR PROJECT (CEC),3,0-0-6,KUMAR NEERAJ JHA,100
245,P,CVD772,MAJOR PROJECT PART-I (CEC),9,0-0-18,KUMAR NEERAJ JHA,100
246,P,CVD773,MAJOR PROJECT PART-II (CEC),12,0-0-24,KUMAR NEERAJ JHA,100
247,P,CVD776,MINOR PROJECT (CET),3,0-0-6,J. UMA MAHESWARI,90
248,P,CVD777,MAJOR PROJECT PART-I (CET),9,0-0-18,J. UMA MAHESWARI,100
249,P,CVD778,MAJOR PROJECT PART-II (CET),12,0-0-24,J. UMA MAHESWARI,60
250,P,CVD800,Major Project Part-I,6,0-0-12,JAGDISH TELANGRAO SHAHU,60
251,P,CVD810,Major Project Part-I,6,0-0-12,TANUSREE CHAKRABORTY,60
252,P,CVD831,Major Project Part-I,6,0-0-12,SUMEDHA CHAKMA,60
253,P,CVD853,Major Project Part-I ,9,0-0-18,GEETAM TEWARI,60
254,P,CVD895,MSR MAJOR PROJECT,36,0-0-72,B.BHATTACHARJEE,10
255,C,CVL100,ENVIRONMENTAL SCIENCE,2,2-0-0,ARUN KUMAR,500
256,C,CVL111,ELEMENTS OF SURVEYING,4,3-0-2,GAZALA HABIB,120
257,B,CVL121,ENGINEERING GEOLOGY,3,3-0-0,K.S. RAO,107
258,H,CVL141,CIVIL ENGINEERING MATERIALS,3,3-0-0,SHASHANK BISHNOI,109
259,D,CVL243,RC DESIGN,3,3-0-0,SHASHANK BISHNOI,105
260,H,CVL245,CONSTRUCTION MANAGEMENT,2,2-0-0,J. UMA MAHESWARI,110
261,E,CVL282,ENGINEERING HYDROLOGY,4,3-0-2,DHANYA C.T.,108
262,D,CVL284,FUNDA. OF GEO. INFO. SYSTEMS,3,2-0-2,A.K. GOSAIN,30
263,F,CVL321,GEOTECHNICAL ENGINEERING,4,3-1-0,JAGDISH TELANGRAO SHAHU,107
264,B,CVL341,STRUCTURAL ANALYSIS II,3,3-0-0,DIPTI RANJAN SAHOO,125
265,H,CVL344,CONSTRUCTION PROJECT  MGMT.,3,3-0-0,KUMAR NEERAJ JHA,60
266,C,CVL421,GROUND ENGINEERING,3,3-0-0,R. AYOTHIRAMAN,50
267,F,CVL423,SOIL DYNAMICS,3,3-0-0,BAPPADITYA MANNA,60
268,E,CVL433,FEM IN GEOTECHNIC. ENGINEERING,3,3-0-0,TANUSREE CHAKRABORTY,60
269,H,CVL441,STRUCTURAL DESIGN,3,3-0-0,ALOK MADAN,60
270,J,CVL442,STRUCTURAL ANALYSIS III,3,3-0-0,ALOK MADAN,60
271,P,CVL484,COMP. ASPECTS IN WATER RESOUR.,3,1-0-4,N.K. GARG,60
272,F,CVL485,RIVER MECHANICS,3,2-0-2,DEO RAJ KAUSHAL,25
273,A,CVL700,ENGINEERING BEHAVIOUR OF SOILS,3,3-0-0,VENKATA RAMANA GUNTURI,27
274,B,CVL701,SITE INVESTIGATION AND FOUNDAT,3,3-0-0,MANOJ DATTA,30
275,E,CVL704,FINITE ELEMENT METHOD IN GEOTE,3,3-0-0,TANUSREE CHAKRABORTY,41
276,D,CVL710,ENGINEERING PROPERTIES OF ROCK,3,3-0-0,K.G. SHARMA,25
277,A,CVL711,STRUCTURAL GEOLOGY,3,3-0-0,K.S. RAO,40
278,F,CVL716,Environmental Rock Engineering,3,3-0-0,TANUSREE CHAKRABORTY,60
279,A,CVL720,AIR POLLUTION AND CONTROL,3,3-0-0,MUKESH KHARE,30
280,M,CVL722,WATER ENGINEERING,3,3-0-0,ARUN KUMAR,30
281,K,CVL725,ENVIRONMENTAL CHEMISTRY AND MI,3,1-0-4,MUKESH KHARE,25
282,A,CVL730,HYDROLOGIC PROCESSES AND MODEL,3,3-0-0,RAKESH KHOSA,29
283,B,CVL731,OPTIMIZATION TECH. IN WATER RE,3,3-0-0,A.K.KESHARI,33
284,E,CVL732,GROUNDWATER HYDROLOGY,3,3-0-0,BHAGU RAM CHAHAR,26
285,M,CVL733,STOCHASTIC HYDROLOGY,3,2-0-2,DHANYA C.T.,27
286,J,CVL738,ECONOMIC ASPECTS OF WA. RE. DE,3,3-0-0,SUMEDHA CHAKMA,23
287,M,CVL740,PAVEMENT MATERIALS AND DESIGN,4,3-0-2,ARAVIND KRISHNA SWAMY,40
288,A,CVL741,URBAN AND REGIONAL TRANSPORTAT,4,3-0-2,GEETAM TEWARI,40
289,B,CVL742,TRAFFIC ENGINEERING,4,3-0-2,RAMACHANDRA RAO KALAGA,40
290,K,CVL747,TRANSPORTATION SAFETY AND ENVIRONMENT,3,3-0-0,DINESH MOHAN,40
291,C,CVL756,ADVANCED STRUCTURAL ANALYSIS,3,3-0-0,SURESH BHALLA,60
292,M,CVL757,FINITE ELEMENT METHODS IN STR,3,3-0-0,GURMAIL S. BENIPAL,60
293,A,CVL758,SOLID MECHANICS IN STRUCTURAL,3,3-0-0,GURMAIL S. BENIPAL,60
294,E,CVL759,STRUCTURAL DYNAMICS,3,3-0-0,A.K. JAIN,60
295,H,CVL763,ANALYTICAL AND NUMERICAL METHO,3,3-0-0,GURMAIL S. BENIPAL,40
296,D,CVL766,DESIGN OF BRIDGE STRUCTURES,3,3-0-0,SUPRATIC GUPTA,40
297,H,CVL771,ADVANCED CONCRETE TECHNOLOGY,3,3-0-0,B.BHATTACHARJEE,70
298,A,CVL772,CONSTRUCTION PROJECT MANAGEMEN,3,3-0-0,J. UMA MAHESWARI,70
299,C,CVL773,QUANTITATIVE METHODS IN CONSTR,3,3-0-0,K. CHANDRASHEKHAR IYER,70
300,B,CVL777,BUILDING SCIENCE,3,3-0-0,B.BHATTACHARJEE,50
301,D,CVL801,Constitutive Modelling in Geotechnics,3,3-0-0,JAGDISH TELANGRAO SHAHU,60
302,J,CVL820,Environmental impact assessment,3,3-0-0,ARVIND KUMAR NEMA,40
303,H,CVL823,Thermal Techniques for Waste Management,3,3-0-0,BABU J.ALAPPAT,40
304,F,CVL831,SURFACE WATER QUALITY MODELING,3,3-0-0,SHASHI MATHUR,30
305,H,CVL839,HYDROLOGIC APP. OF REMOTE SEN.,3,2-0-2,A.K.KESHARI,23
306,L,CVL841,Advanced Transportation Modelling ,3,2-0-2,Manoj M,40
307,C,CVL850,Transportation Logistics ,3,3-0-0,Nezamuddin,40
308,D,CVL874,QUALITY AND SAFETY IN CONSTRUC,3,3-0-0,J. UMA MAHESWARI,60
309,NM,CVN101,INTRODUCTION TO CIVIL ENGG.,1,0-0-2,TANUSREE CHAKRABORTY,125
310,P,CVP121,ENGINEERING GEOLOGY LABORATORY,1,0-0-2,TANUSREE CHAKRABORTY,102
311,D,CVP243,STRUCT. & MAT. (CONCRETE) LAB,1.5,0-0-3,SUPRATIC GUPTA,104
312,P,CVP321,GEOTECHNICAL ENGINEERING LAB,1,0-0-2,BAPPADITYA MANNA,107
313,P,CVP441,STRUCTURAL DESIGN & DETAILING,1.5,0-0-3,SURESH BHALLA,120
314,P,CVP700,SOIL ENGINEERING LAB,3,0-0-6,R. AYOTHIRAMAN,25
315,P,CVP710,ROCK MECHANICS LABORATORY 1,3,0-0-6,K.S. RAO,40
316,P,CVP772,COMPUTATIONAL LABORATORY,1.5,0-0-3,KUMAR NEERAJ JHA,500
317,P,CVS756,INDEPENDENT STUDY (CES),3,0-0-6,GURMAIL S. BENIPAL,1
318,P,CVS810,INDEPENDENT STUDY (CEU),3,0-0-6,TANUSREE CHAKRABORTY,10
319,P,CYP803,GLASS BLOWING,1,0-0-2,SHASHANK DEEP,20
320,P,DSD801,MAJOR PROJECT PART-I,6,0-0-12,A.L. VYAS,18
321,A,DSD802,MAJOR PROJECT PART-II,12,0-0-24,A.L. VYAS,30
322,P,DSD891,DESIGN PROJECT -2,6,0-0-12,P.V.MADHUSUDHAN RAO,20
323,F,DSL601,ELECTRO. COMPONENTS & CIRCUITS,3,3-0-0,A.L. VYAS,10
324,J,DSL603,MATERIAL & MECHANICAL DESIGN,3,3-0-0,I.P. SINGH,13
325,A,DSL710,FRAMEWORK OF DESIGN,2,2-0-0,JYOTI KUMAR,25
326,E,DSL711,SENSORS AND TRANSDUCERS,3,3-0-0,D.T. SHAHANI,100
327,B,DSL722,PRECISION MEASUREMENTS SYSTEMS,3,3-0-0,GUFRAN SAYEED KHAN,80
328,H,DSL731,OPTICAL COMPONENTS & BASIC IN.,3,3-0-0,CHANDRA SHAKHER,30
329,H,DSL751,FORM AND AESTHETICS,3,2-0-2,SUMER SINGH,22
330,P,DSP703,INSTRUMENT TECHNOLOGY LAB 1,3,0-0-6,Satish Kumar Dubey,20
331,P,DSP705,ADVANCED INSTRUMENT TECH. LAB,3,0-0-6,A.L. VYAS,18
332,P,DSP721,DESIGN AND INNOVATION METHODS,3,1-0-4,S.K. ATREYA,40
333,P,DSP731,COMMUNI. & PRESENTATION SKILLS,3,1-0-4,SUMER SINGH,21
334,P,DSP741,PRODUCT INTERFACE & DESIGN,2,1-0-2,S.K. ATREYA,40
335,P,DSR761,SOCIAL IMMERSION,1,0-0-2,P.V.MADHUSUDHAN RAO,23
336,P,DSR812,MEDIA STUDIES,3,2-0-2,JYOTI KUMAR,40
337,Q,DSR822,DESIGN FOR SUSTAINABILITY,3,2-0-2,SUMER SINGH,20
338,R,DSR832,DESIGN FOR USER EXPERIENCE,3,3-0-0,JYOTI KUMAR,40
339,A,DSV820,SPECIAL MODULES IN DESIGN,1,1-0-0,JYOTI KUMAR,40
340,P,DTD899,DOCTORAL THESIS,0,0-0-0,Err:510,2100
341,P,EED412,MAJOR PROJECT PART 2 (EE),8,0-0-14,NILANJAN SENROY,50
342,P,EED421,MAJOR PROJECT PART 1 (EP),4,0-0-6,NILANJAN SENROY,50
343,P,EED843,MAJOR PROJECT PART -II,12,0-0-24,G.BHUVANESWARI,50
344,P,EED851,MAJOR PROJECT PART 1 (EI),6,0-0-12,SESHAN SRIRANGARAJAN,60
345,P,EED852,MAJOR PROJECT PART 2 (EI),14,0-0-28,SESHAN SRIRANGARAJAN,50
346,P,EED853,MAJOR PROJECT PART 1 (EI),4,0-0-8,SESHAN SRIRANGARAJAN,50
347,P,EED895,MAJOR PROJECT,40,0-0-80,ABHIJIT RAMCHANDRA ABHYANKAR,20
348,P,ELD411,B.TECH. PROJECT - I,3,0-0-6,NILANJAN SENROY,100
349,P,ELD431,B.TECH. PROJECT - I,3,0-0-6,NILANJAN SENROY,70
350,P,ELD801,MAJOR PROJECT PART I,6,0-0-12,MASHUQ-UN-NABI,50
351,P,ELD802,MAJOR PROJECT PART II,12,0-0-24,MASHUQ-UN-NABI,50
352,P,ELD811,MAJOR PROJECT PART-I (COMMUNIC,6,0-0-12,SESHAN SRIRANGARAJAN,50
353,P,ELD831,MAJOR PROJECT PART-I (INTEGRAT,6,0-0-12,MUKUL SARKAR,50
354,P,ELD851,MAJOR PROJECT PART-I,6,0-0-12,G.BHUVANESWARI,50
355,P,ELD871,MAJOR PROJECT PART-I,6,0-0-12,BIJAYA KETAN PANIGRAHI,50
356,P,ELD880,Major Project Part-I,6,0-0-12,SUMANTRA DUTTA ROY,50
357,E,ELL100,INTRO. TO ELECTRICAL ENGG.,4,3-0-2,SHANKAR PRAKRIYA,500
358,B,ELL202,CIRCUIT THEORY,4,3-1-0,R.K. PATNEY,160
359,E,ELL203,ELECTROMECHANICS,4,3-1-0,G.BHUVANESWARI,150
360,D,ELL205,SIGNALS AND SYSTEMS,4,3-1-0,Abhishek Dixit,240
361,C,ELL211,PHYSICAL ELECTRONICS,3,3-0-0,MADHUSUDAN SINGH,120
362,B,ELL302,POWER ELECTRONICS,3,3-0-0,ANANDARUP DAS,150
363,F,ELL304,ANALOG ELECTRONIC CIRCUITS,5.5,3-1-3,SHOURIBRATA CHATTERJEE,180
364,E,ELL305,COMPUTER ARCHITECTURE,3,3-0-0,TAPAN KUMAR GANDHI,230
365,D,ELL311,COMMUNICATION ENGINEERING,4,3-1-0,S.D. JOSHI,150
366,K,ELL319,DIGITAL SIGNAL PROCESSING,4,3-0-2,Lalan Kumar,100
367,M,ELL333,MULTIVARIABLE CONTROL,3,3-0-0,INDRA NARAYAN KAR,60
368,D,ELL363,POWER ENGINEERING-II,3,3-0-0,P.R. BIJWE,120
369,F,ELL700,LINEAR SYSTEMS THEORY,3,3-0-0,RKP BHATT,60
370,B,ELL701,MATHEMATICAL METHODS IN CONTRO,3,3-0-0,MASHUQ-UN-NABI,60
371,M,ELL702,NONLINEAR SYSTEMS,3,3-0-0,Deepak U. Patil,60
372,A,ELL704,ADVANCED ROBOTICS,3,3-0-0,S. JANARDHANAN,50
373,C,ELL707,SYSTEMS BIOLOGY,3,3-0-0,SHAUNAK SEN,50
374,F,ELL710,CODING THEORY,3,3-0-0,RANJAN BOSE,60
375,A,ELL711,SIGNAL THEORY,3,3-0-0,RANJAN KUMAR MALLIK,100
376,M,ELL712,DIGITAL COMMUNICATIONS,3,3-0-0,SAIF KHAN MOHAMMED,100
377,B,ELL713,MICROWAVE THEORY AND TECHNIQUE,3,3-0-0,ANANJAN BASU,60
378,E,ELL714,BASIC INFORMATION THEORY,3,3-0-0,MANAV BHATNAGAR,60
379,J,ELL725,WIRELESS COMMUNICATIONS,3,3-0-0,SESHAN SRIRANGARAJAN,60
380,F,ELL727,DIGITAL COMMUNICATION & INFORM,3,3-0-0,VINOD CHANDRA,60
381,H,ELL728,OPTOELECTRONIC INSTRUMENTATION,3,3-0-0,V.K. JAIN,60
382,C,ELL732,MICRO AND NANOELECTRONICS,3,3-0-0,M.JAGADESH KUMAR,60
383,E,ELL734,MOS VLSI DESIGN,3,3-0-0,BASABI BHAUMIK,60
384,D,ELL735,ANALOG INTEGRATED CIRCUITS,3,3-0-0,MUKUL SARKAR,60
385,M,ELL738,MICRO AND NANO PHOTONICS,3,3-0-0,ANUJ DHAWAN,60
386,X,ELL740,COMPACT MODELING OF SEMICONDUC,3,3-0-0,ABHISEK DIXIT,50
387,X,ELL742,INTRODUCTION TO MEMS DESIGN,3,3-0-0,BHASKAR MITRA,50
388,X,ELL750,MODELLING OF ELECTRICAL MACHIN,3,3-0-0,RAMKRISHAN MAHESHWARI,60
389,A,ELL751,POWER ELECTRONIC CONVERTERS,3,3-0-0,MUMMADI VEERACHARY,60
390,X,ELL753,PHYSICAL PHENOMENA IN ELECTRIC,3,3-0-0,B.P. SINGH,60
391,M,ELL758,POWER QUALITY,3,3-0-0,BHIM SINGH,60
392,X,ELL764,ELECTRIC VEHICLES,3,3-0-0,AMIT KUMAR JAIN,50
393,A,ELL770,POWER SYSTEM ANALYSIS,3,3-0-0,ABHIJIT RAMCHANDRA ABHYANKAR,60
394,E,ELL771,ADVANCED POWER SYSTEM PROTECTI,3,3-0-0,BIJAYA KETAN PANIGRAHI,60
395,F,ELL775,POWER SYSTEM DYNAMICS,3,3-0-0,SUKUMAR MISHRA,60
396,M,ELL780,MATHEMATICAL FOUNDATIONS OF CO,3,3-0-0,SUMEET AGARWAL,60
397,C,ELL781,SOFTWARE FUNDAMENTALS FOR COMP,3,3-0-0,SUMEET AGARWAL,60
398,A,ELL782,COMPUTER ARCHITECTURE,3,3-0-0,SUMANTRA DUTTA ROY,60
399,J,ELL784,INTRODUCTION TO MACHINE LEARNI,3,3-0-0,SUMEET AGARWAL,200
400,H,ELL785,COMPUTER COMMUNICATION NETWORK,3,3-0-0,JUN BAE SEO,60
401,X1,ELL787,EMBEDDED SYSTEMS AND APPLICATI,3,3-0-0,S.M.K. RAHMAN,60
402,D,ELL793,COMPUTER VISION,3,3-0-0,BREJESH LALL,60
403,X,ELL801,NONLINEAR CONTROL,3,3-0-0,SHUBHENDU BHASIN,60
404,M,ELL818,TELECOMMUNICATION TECHNOLOGIES,3,3-0-0,SUBRAT KAR,60
405,A,ELL820,PHOTONIC SWITCHING &NETWORKING,3,3-0-0,DEVI CHADHA,60
406,A,ELL823,Selected Topics in Information Processing-I ,3,3-0-0,S.D. JOSHI,60
407,X,ELL824,Selected Topics in Information Processing - II,3,3-0-0,SURINDRA PRASAD,30
408,A,ELL832,SELECTED TOPICS IN IEC-I,3,3-0-0,MANAN SURI,60
409,X,ELL834,SELECTED TOPICS IN IEC-II,3,3-0-0,Debanjan Bhowmik,30
410,X1,ELL880,SPECIAL TOPICS IN COMPUTERS 1,3,3-0-0,SUMANTRA DUTTA ROY,60
411,X1,ELL881,Special Topics in Computers-II,3,3-0-0,SUMANTRA DUTTA ROY,30
412,L,ELL890,COMPUTATIONAL NEUROSCIENCE,3,3-0-0,TAPAN KUMAR GANDHI,60
413,NM,ELN101,INTRO. TO ELECTRICAL ENGG.,1,0-0-2,SUBRAT KAR,100
414,NM,ELN111,INTRO.  ELEC.ENGG. POWER&AUTO.,1,0-0-2,RAMKRISHAN MAHESHWARI,60
415,D,ELP212,ELECTROMAGNETICS LABORATORY,1.5,0-0-3,Debanjan Bhowmik,120
416,P,ELP225,CONTROL ENGINEERING LABORATORY,1.5,0-0-3,MASHUQ-UN-NABI,150
417,P,ELP303,POWER ENGINEERING LABORATORY,1.5,0-0-3,SUKUMAR MISHRA,150
418,P,ELP332,ELECTRIC DRIVES LABORATORY,1.5,0-0-3,RAMKRISHAN MAHESHWARI,150
419,S,ELP718,TELECOMMUNICATION SOFTWARE LAB,3,0-1-4,SUBRAT KAR,60
420,D,ELP719,MICROWAVE LABORATORY,3,0-1-4,S.K.KOUL,60
421,P,ELP781,DIGITAL SYSTEMS LAB,3,0-1-4,SUBRAT KAR,20
422,P,ELP800,CONTROL SYSTEMS LABORATORY,1,0-0-2,RKP BHATT,60
423,P,ELP831,IEC LABORATORY-I,3,0-0-6,JAYADEVA,60
424,P,ELP850,ELECTRICAL MACHINES LABORATORY,1.5,0-0-3,BHIM SINGH,60
425,P,ELP851,POWER ELECTRONICS LABORATORY,1.5,0-0-3,MUMMADI VEERACHARY,60
426,P,ELP870,POWER SYSTEM LAB 1,3,0-1-4,ABHIJIT RAMCHANDRA ABHYANKAR,60
427,P,ELQ301,SEMINAR COURSE - I,1,0-0-2,S. JANARDHANAN,90
428,P,ELQ302,SEMINAR COURSE - II,1,0-0-2,S. JANARDHANAN,60
429,P,ELS310,INDEPENDENT STUDY (EE1),3,0-3-0,ANUJ DHAWAN,80
430,P,ELS330,INDEPENDENT STUDY (EE3),3,0-3-0,ANUJ DHAWAN,30
431,X1,ELV731,Special Module in Nanoelectronics and Photonics,1,1-0-0,V Ramgopal Rao,30
432,X1,ELV780,SPECIAL MODULE IN COMPUTERS,1,1-0-0,SUMANTRA DUTTA ROY,60
433,X1,ELV821,SPECIAL MODULE IN COMMUNICATIO,1,1-0-0,H.M. GUPTA,80
434,J,ESL300,SELF-ORGANIZING DYNAMICAL SYSTEMS,3,3-0-0,MRS. R. UMA,60
435,D,ESL330,ENERGY  ECOLOGY AND ENVIRONMENT,4,3-1-0,Debaprasad Sahu,60
436,L,ESL340,NON CONVENTIONAL SOURCES OF ENERGY,4,3-0-2,ASHU VERMA,60
437,F,ESL360,DIRECT ENERGY CONVERSION,4,3-1-0,Supravat Karak,60
438,H,ESL711,FUEL TECHNOLOGY,3,3-0-0,DR. M.G. DASTIDAR,60
439,J,ESL732,BIOCONVERSION AND PROCESSING OF WASTE,3,3-0-0,DR. M.G. DASTIDAR,60
440,F,ESL737,PLASMA BASED MATERIALS PROCESSING,3,3-0-0,Satyananda Kar,60
441,B,ESL740,NON-CONVENTIONAL SOURCES OF ENERGY,3,3-0-0,RAMESH NARAYANAN,60
442,E,ESL746,HYDROGEN ENERGY,3,3-0-0,K.A. SUBRAMANIAN,60
443,A,ESL750,ECONOMICS & PLANNING OF ENERGY SYSTEMS,3,3-0-0,T.C. KANDPAL,60
444,J,ESL755,SOLAR PHOTOVOLTAIC DEVICES AND SYSTEMS,3,3-0-0,Sandeep Kumar Pathak,60
445,D,ESL760,HEAT TRANSFER,3,3-0-0,K.A. SUBRAMANIAN,60
446,M,ESL768,WIND & SMALL HYDRO ENERGY SYSTMS,3,3-0-0,T.S.BHATTI,60
447,M,ESL770,SOLAR ENERGY UTILIZATION,3,3-0-0,K Ravi Kumar,60
448,J,ESL784,COGENERATION AND ENERGY EFFICIENCY,3,3-0-0,DIBAKAR RAKSHIT,60
449,F,ESL796,OPERATION AND CONTROL OF ELECTRICAL ENERGY SYSTEMS,3,3-0-0,ASHU VERMA,60
450,M,ESL850,SOLAR REFRIGERATION AND AIR CONDITIONING,3,3-0-0,S.C. KAUSHIK,60
451,F,ESL870,FUSION ENERGY,3,3-0-0,MRS. R. UMA,60
452,P,ESQ301,Seminar Course on Renewable Energy,1,0-0-2,T.C. KANDPAL,25
453,P,ESQ302,Seminar Course on Energy Efficiency,1,0-0-2,S.C. KAUSHIK,25
454,P,ESQ304,Seminar Course on Plasma Science and Technology,1,0-0-2,RAMESH NARAYANAN,25
455,P,ESQ307,Seminar Course on Nuclear Energy and Futuristic Use,1,0-0-2,R.P. SHARMA,25
456,P,ESQ308,Seminar Course on Energy-Environment Interaction,1,0-0-2,K Ravi Kumar,25
457,P,ESQ309,Seminar Course on Alternative Fuels for Transportation,1,0-0-2,K.A. SUBRAMANIAN,25
458,A,HSD700,Seminar (Case Material-based) Minor Project,3,0-0-6,SARBESWAR SAHOO,150
459,J,HSL701,Introduction to Science and Technology Policy Studies,1.5,1-0-1,UPASNA SHARMA,30
460,M,HSL704,Inclusive Innovation: Theory and Practice,4,2-0-4,AMBUJ D. SAGAR,30
461,X6,HSL712,Microeconomics,3,3-0-0,SAPTARSHI MUKHERJEE,30
462,X3,HSL719,Advanced Econometrics ,3,3-0-0,ANKUSH AGRAWAL,30
463,X,HSL741,Sociolinguistics: Language Variation  Culture and Society,3,3-0-0,PRITHA CHANDRA,30
464,X2,HSL746,Phonological Markedness,3,2-0-2,PAROMA SANYAL,30
465,X1,HSL754,The Philosophy of Plato,3,3-0-0,ARUDRA VENKATA BURRA,30
466,X7,HSL755,Fascism: Philosophical Perspectives,3,3-0-0,SANIL V.,30
467,X,HSL761,Theories of Psychology,3,3-0-0,Yashpal Ashokrao Jogdand,30
468,B,HSL765,Psychological Testing and Behavioral Assessment ,3,3-0-0,KAMLESH SINGH,30
469,X5,HSL772,Sociology of India,3,3-0-0,VIBHA ARORA,30
470,A,HSL800,Research Writing,3,3-0-0,MILIND WAKANKAR,150
471,X6,HSL834,Literature and the City,3,3-0-0,STUTI KHANNA,30
472,J,HSL843,Reading and Sentence Processing,3,2-1-0,SAMAR HUSAIN,30
473,X4,HSL851,Philosophy of Literature,3,3-0-0,MILIND WAKANKAR,30
474,J,HSL852,Political Philosophy,3,3-0-0,BHARATI PURI,30
475,X0,HSL856,Philosophy of Language,3,3-0-0,C.A.TOMY,30
476,X,HSL871,Ethnographic Perspectives on the State,3,3-0-0,FARHANA IBRAHIM,30
477,X9,HSV773,Tools for Sociological Research,1.5,1-0-1,RAVINDER KAUR,30
478,X,HSV774,Methods in Historical Sociology,1.5,1-0-1,SARBESWAR SAHOO,30
479,M,HUL212,MICROECONOMICS,4,3-1-0,SAPTARSHI MUKHERJEE,0
480,M,HUL213,MACRO ECONOMICS,4,3-1-0,SOURABH BIKAS PAUL,0
481,A,HUL213,MACRO ECONOMICS,4,3-1-0,V. UPADHYAY,0
482,M,HUL232,MODERN INDIAN FICTION IN TRANSLATION,4,3-1-0,SIMONA SAWHNEY,0
483,J,HUL239,Indian Fiction in English,4,3-1-0,ANGELIE MULTANI,0
484,J,HUL242,FUNDAMENTALS OF LANGUAGE SCIENCES,4,3-1-0,RAJAKRISHNAN RAJKUMAR,0
485,M,HUL242,FUNDAMENTALS OF LANGUAGE SCIENCES,4,3-1-0,PRITHA CHANDRA,0
486,A,HUL253,MORAL LITERACY AND MORAL CHOICES,4,3-1-0,BIJOY H.BORUAH,0
487,A,HUL256,CRITICAL THINKING,4,3-1-0,C.A.TOMY,0
488,M,HUL258,SOCIAL AND POLITICAL PHILOSOPH,4,3-1-0,BHARATI PURI,0
489,J,HUL261,Introduction to Psychology,4,3-1-0,PURNIMA SINGH,0
490,J,HUL272,INTRODUCTION TO THE SOCIOLOGY OF INDIA,4,3-1-0,FARHANA IBRAHIM,0
491,J,HUL275,ENVIRONMENT; DEVELOPMENT AND SOCIETY,4,3-1-0,RICHA KUMAR,0
492,H,HUL286,SOCIAL SCIENCE APPROACHES TO DEVELOPMENT,4,3-1-0,RAVINDER KAUR,0
493,A,HUL289,PERSPECTIVE ON SCIENCE TECHNOLOGY& HUMAN DEVPT,4,3-1-0,AMBUJ D. SAGAR,0
494,M,HUL310,SELECTED TOPICS IN POLICY STUD,3,3-0-0,UPASNA SHARMA,0
495,A,HUL310,SELECTED TOPICS IN POLICY STUD,3,3-0-0,NAVEEN K THAYYIL ,0
496,A,HUL311,APPLIED GAME THEORY,3,3-0-0,DEBASIS MONDAL,0
497,A,HUL315,ECONOMETRIC METHODS,3,3-0-0,ANKUSH AGRAWAL,0
498,H,HUL316,INDIAN ECONOMIC PROBLEMS AND POLICIES,3,3-0-0,REETIKA KHERA,0
499,M,HUL336,WORKSHOP IN CREATIVE WRITING,3,3-0-0,RUKMINI BHAYA NAIR,0
500,K,HUL340,SELECTED TOPICS IN LITERATURE,3,3-0-0,SIMONA SAWHNEY,0
501,J,HUL340,SELECTED TOPICS IN LITERATURE,3,3-0-0,STUTI KHANNA,0
502,A,HUL350,SELECTED TOPICS IN LINGUISTICS,3,3-0-0,PAROMA SANYAL,0
503,M,HUL351,PHILOSOPHY OF HISTORY,3,3-0-0,MILIND WAKANKAR,0
504,J,HUL360,SELECTED TOPICS IN PHILOSOPHY,3,3-0-0,DIVYA DWIVEDI,0
505,A,HUL360,SELECTED TOPICS IN PHILOSOPHY,3,3-0-0,SANIL V.,0
506,A,HUL361,APPLIED POSITIVE PSYCHOLOGY,3,3-0-0,KAMLESH SINGH,0
507,A,HUL362,ORGANIZATIONAL BEHAVIOUR,3,3-0-0,VARSHA SINGH,0
508,M,HUL370,SELECTED TOPICS IN PSYCHOLOGY,3,3-0-0,Yashpal Ashokrao Jogdand,0
509,M,HUL375,THE SOCIOLOGY OF RELIGION,3,3-0-0,SARBESWAR SAHOO,0
510,A,HUL376,POLITICAL ECOLOGY OF WATER,3,3-0-0,VIBHA ARORA,0
511,M,HUL381,Mind  Machines and Language,3,3-0-0,SAMAR HUSAIN,0
512,H,IT709,MAINTENANCE PLANNING AND CONTROL,3,3-0-0,O.P. GANDHI,30
513,J,IT760,NOISE MONITORING AND CONTROL,3,2-0-2,NARESH TANDON,30
514,A,ITL703,FUNDAMENTALS OF TRIBOLOGY,4,3-0-2,JAYASHREE BIJWE,30
515,B,ITL705,MATERIAL FOR TRIBOLOGICAL APPLICATIONS,3,3-0-0,DEEPAK KUMAR,30
516,C,ITL717,CORROSION AND ITS CONTROL,3,3-0-0,JAYASHREE BIJWE,30
517,D,ITL752,BULK MATERIALS HANDLING,3,2-0-2,V.K. AGARWAL,30
518,P,JID801,MAJOR PROJECT PART-I,6,0-0-12,DEEPAK KUMAR,15
519,P,JID802,MAJOR PROJECT PART-II,12,0-0-24,DEEPAK KUMAR,80
520,P,JMD801,MAJOR PROJECT PART-I,6,0-0-12,SAIF KHAN MOHAMMED,60
521,P,JND801,MAJOR PROJECT PART-1,6,0-0-12,K.A. SUBRAMANIAN,10
522,P,JND802,MAJOR PROJECT II (JEN),12,0-0-24,K.A. SUBRAMANIAN,10
523,P,JOD801,MAJOR PROJECT PART-I,6,0-0-12,R.K. VARSHNEY,30
524,P,JOP791,FIBER OPTICS AND OPTICAL COMMUNICATIONS LAB.,3,0-0-6,R.K. VARSHNEY,30
525,P,JPD801,MAJOR PROJECT PART-I,6,0-0-12,JOSEMON JACOB,25
526,X1,JRL301,ROBOTICS TECHNOLOGY,3,3-0-0,SUBIR KUMAR SAHA,25
527,P,JSD801,MAJOR PROJECT PART-I,6,0-0-12,K.A. SUBRAMANIAN,30
528,P,JSD802,MAJOR PROJECT PART-II,12,0-0-24,K.A. SUBRAMANIAN,10
529,P,MAD851,MAJOR PROJECT PART 1 (MT),6,0-0-12,AMIT PRIYADARSHI,10
530,P,MAD852,MAJOR PROJECT PART 2 (MT),14,0-0-28,AMIT PRIYADARSHI,10
531,P,MAD853,MAJOR PROJECT PART 1 (MT),4,0-0-8,AMIT PRIYADARSHI,10
532,P,MAD854,MAJOR PROJECT PART 2 (MT),16,0-0-32,AMIT PRIYADARSHI,10
533,E,MAL860,LINEAR ALGEBRA,3,3-0-0,SUBIMAN KUNDU,40
534,P,MCD411,B.TECH.PROJECT,4,0-0-8,SUBODH VASANT MODAK,140
535,P,MCD811,Major Project Part I (Thermal Engineering),8,0-0-16,SUBHRA DATTA,15
536,P,MCD812,Major Project Part II (Thermal Engineering),12,0-0-24,SUBHRA DATTA,20
537,X,MCD831,Major Project Part-I,6,0-0-12,R.K.PANDEY,20
538,P,MCD861,M Tech. Project part-I ,12,0-0-24,NOMESH BHOJKUMAR BOLIA,20
539,X,MCD861,M Tech. Project part-I ,12,0-0-24,NOMESH BHOJKUMAR BOLIA,20
540,X,MCD881,MAJOR PROJECT PART-1,6,0-0-12,SUNIL JHA,30
541,P,MCD895,MAJOR PROJECT,40,0-0-80,AMIT GUPTA,30
542,B,MCL111,KINEMATICS & DY. OF MACHINES,4,3-0-2,JAYANTA KUMAR DUTT,150
543,B,MCL134,METROLOGY & QUALITY ASSURANCE,3.5,3-0-1,SUDARSAN GHOSH,70
544,F,MCL135,WELDING AND ALLIED PROCESSES,3,3-0-0,SIVANANDAM ARAVINDAN,70
545,C,MCL140,ENGINEERING THERMODYNAMICS,4,3-1-0,PRABAL TALUKDAR,80
546,F,MCL141,THERMAL SC. FOR MANUFACTURING,4,3-1-0,M.R. RAVI,70
547,C,MCL211,DESIGN OF MACHINES,4,3-0-2,JITENDRA PRASAD KHATAIT,150
548,D,MCL231,MANUFACTURING PROCESSES II,3,3-0-0,P.V.MADHUSUDHAN RAO,70
549,B,MCL242,HEAT AND MASS TRANSFER,4,3-1-0,SANGEETA KOHLI,110
550,E,MCL261,INTRO TO OPERATIONS RESEARCH,3,3-0-0,KIRAN SETH,150
551,D,MCL262,STOCHASTIC MODELLING & SIMULA.,3,3-0-0,NOMESH BHOJKUMAR BOLIA,70
552,D,MCL314,ACOUSTICS AND NOISE CONTROL,4,3-0-2,SUBODH VASANT MODAK,80
553,J,MCL316,Vibration Engineering ,4,3-0-2,ASHISH KAMALAKAR DARPE,60
554,B,MCL322,POWER TRAIN DESIGN,3,3-0-0,R.K.PANDEY,40
555,C,MCL341,GAS DYNAMICS AND PROPULSION,4,3-0-2,P.M.V.SUBBARAO,40
556,F,MCL431,CAM AND AUTOMATION,3,2-0-2,SUNIL JHA,150
557,C,MCL701,ADVANCED THERMODYNAMICS,3,3-0-0,SUPREET SINGH BAHGA,40
558,A,MCL702,ADVANCED FLUID MECHANICS,3,3-0-0,AMIT GUPTA,65
559,F,MCL703,ADVANCED HEAT AND MASS TRANSFE,3,3-0-0,Debabrata Dasgupta,40
560,B,MCL704,APPLIED MATHEMATICS FOR THERMO,3,3-0-0,SUBHRA DATTA,40
561,J,MCL721,Automotive Prime Movers,3,3-0-0,P.M.V.SUBBARAO,40
562,A,MCL729,NANOMECHANICS,3,2-0-2,DEVENDRA KUMAR DUBEY,50
563,B,MCL731,ANALYTICAL DYNAMICS,3,3-0-0,SUBIR KUMAR SAHA,50
564,D,MCL735,CAD & FINITE ELEMENT ANALYSIS,4,3-0-2,ANOOP CHAWLA,50
565,E,MCL742,DESIGN & OPTIMIZATION,4,3-0-2,NARESH VARMA DATLA,50
566,A,MCL751,INDUSTRIAL ENGINEERING SYSTEMS,3,1-0-4,DIGAVALLI RAVI KUMAR,20
567,E,MCL761,PROBABILITY AND STATISTICS,3,3-0-0,NOMESH BHOJKUMAR BOLIA,20
568,J,MCL765,OPERATIONS RESEARCH,3,3-0-0,KIRAN SETH,20
569,D,MCL769,METAL FORMING ANALYSIS,4,3-0-2,DIGAVALLI RAVI KUMAR,30
570,H,MCL772,RELIABILITY ENGINEERING,3,3-0-0,Shahab Fatima,40
571,E,MCL781,MACHINING PROCESSES AND ANALYS,4,3-0-2,SUDARSAN GHOSH,30
572,A,MCL787,WELDING SCIENCE AND TECHNOLOGY,4,3-0-2,SUNIL PANDEY,50
573,B,MCL791,PROCESSING AND MECHANICS OF CO,4,3-0-2,NARESH BHATNAGAR,80
574,H,MCL796,ADDITIVE MANUFACTURING,4,3-0-2,PULAK MOHAN PANDEY,40
575,D,MCL812,Combustion,3,3-0-0,ANJAN RAY,40
576,C,MCL813,Computational Heat Transfer,4,3-0-2,B. PREMACHANDRAN,40
577,X,MCL816,Gas Dynamics,4,3-0-2,Mayank Kumar,40
578,H,MCL820,Micro/nano scale heat transfer,4,3-0-2,Bahni Ray,40
579,F,MCL821,Radiation Heat Transfer,3,3-0-0,S.R. KALE,40
580,F,MCL837,Advanced Mechanisms,3,2-0-2,SUDIPTO MUKHERJEE,40
581,C,MCL838,Rotor Dynamics,4,3-0-2,ASHISH KAMALAKAR DARPE,40
582,M,MCL840, Experimental Modal Analysis and Dynamic Design,3,2-0-2,SATINDER PAUL SINGH,40
583,NM,MCN101,INTRODUCTION TO MECHANICAL ENG,1,0-0-2,ANJAN RAY,70
584,NM,MCN111,INTRO. TO INDUSTRIAL & PRODUCT,1,0-0-2,PULAK MOHAN PANDEY,70
585,B,MCP100,ENGG. VISUALIZATION & COMM.,2,0-0-3,SUJEET KUMAR SINHA,458
586,A,MCP101,PRODUCT REALIZATION BY MANF.,2,0-0-4,P.VENKATESWARA RAO,500
587,E,MCP231,MANUFACTURING LABORATORY I,1,0-0-2,SIVANANDAM ARAVINDAN,90
588,F,MCP232,PRODUCTION ENGINEERING LAB I,1,0-0-2,DIGAVALLI RAVI KUMAR,70
589,C,MCP361,INDUSTRIAL ENGINEERING LAB- II,1,0-0-2,ANAND DEV GUPTA,70
590,E,MCP401,MECHANICAL ENGINEERING LAB -II,2,0-0-4,S.R. KALE,130
591,P,MCQ301,SEMINAR COURSE - I,1,0-0-2,NARESH BHATNAGAR,30
592,P,MCQ302,SEMINAR COURSE - II,1,0-0-2,SUPREET SINGH BAHGA,30
593,P,MCQ303,SEMINAR COURSE - III,1,0-0-2,NARESH VARMA DATLA,30
594,K,MEC410,COLLOQUIUM (ME),3,0-3-0,NARESH BHATNAGAR,50
595,P,MED411,MAJOR PROJECT PART 1 (ME),4,0-0-6,SUBODH VASANT MODAK,40
596,P,MET410,PRACTICAL TRAINING,0,0-0-0,SIVANANDAM ARAVINDAN,70
597,P,MET420,PRACTICAL TRAINING,0,0-0-0,SIVANANDAM ARAVINDAN,70
598,P,MSC894,SEMINAR,3,0-0-6,SANJAY DHIR,91
599,P,MSD792,Minor Project,3,0-0-6,AMLENDU KUMAR DUBEY,50
600,A,MSL302,MANAGERIAL ACC. & FINAC. MGMT.,3,3-0-0,SHVETA SINGH,80
601,M,MSL304,Operations Management,3,3-0-0,DR.JITENDRA MADAAN,80
602,Q,MSL700,Fundamentals of Management of Technology,3,3-0-0,SUSHIL,91
603,Q,MSL707,MANAGEMENT ACCOUNTING,3,3-0-0,SMITA KASHIRAMKA,91
604,F,MSL707,MANAGEMENT ACCOUNTING,3,3-0-0,P.K.JAIN,115
605,J,MSL707,MANAGEMENT ACCOUNTING,3,3-0-0,Neeru Chaudhry,115
606,R2,MSL709,BUSINESS RESEARCH METHODS,1.5,1-0-0,P. VIGNESWARA ILAVARASAN,91
607,A2,MSL709,BUSINESS RESEARCH METHODS,1.5,1-0-0,P. VIGNESWARA ILAVARASAN,91
608,B2,MSL709,BUSINESS RESEARCH METHODS,1.5,1-0-0,P. VIGNESWARA ILAVARASAN,115
609,H,MSL710,Creative Problem Solving,3,3-3-3,MANMOHAN PRASAD GUPTA,115
610,R,MSL711,STRATEGIC MANAGEMENT,3,3-0-0,SANJAY DHIR,91
611,R1,MSL712,ETHICS & VALUE BASED LEADERSH.,1.5,1-0-0,SHUCHI SINHA,91
612,B1,MSL712,ETHICS & VALUE BASED LEADERSH.,1.5,1-0-0,SHUCHI SINHA,91
613,A1,MSL712,ETHICS & VALUE BASED LEADERSH.,1.5,1-0-0,SHUCHI SINHA,115
614,E,MSL719,STATISTICS FOR MANAGEMENT,3,3-0-0,SEEMA SHARMA,115
615,F,MSL719,STATISTICS FOR MANAGEMENT,3,3-0-0,SEEMA SHARMA,91
616,S,MSL719,STATISTICS FOR MANAGEMENT,3,3-0-0,AMLENDU KUMAR DUBEY,91
617,T,MSL720,MACROECONOMIC ENV. OF BUSINESS,3,3-0-0,AMLENDU KUMAR DUBEY,91
618,A1,MSL724,Business Communication,1.5,1-0-1,SHUCHI SINHA,91
619,M1,MSL724,Business Communication,1.5,1-0-1,SHUCHI SINHA,115
620,U2,MSL727,Interpersonal Behavior & Team Dynamics,1.5,1-0-1,SHUCHI SINHA,91
621,B2,MSL729,Individual Behavior in Organizations,1.5,1-0-0,SHUCHI SINHA,115
622,A2,MSL729,Individual Behavior in Organizations,1.5,1-0-0,SHUCHI SINHA,115
623,D,MSL740,QUANTITATIVE METHODS IN MGMT.,3,3-0-0,SURYA PRAKASH SINGH,115
624,H,MSL740,QUANTITATIVE METHODS IN MGMT.,3,3-0-0,SURYA PRAKASH SINGH,115
625,S,MSL745,OPERATIONS MANAGEMENT,3,3-0-0,SURYA PRAKASH SINGH,91
626,H,MSL760,MARKETING MANAGEMENT,3,2-0-2,MAHIM SAGAR,115
627,T,MSL760,MARKETING MANAGEMENT,3,2-0-2,HARISH CHAUDHRY,90
628,K,MSL760,MARKETING MANAGEMENT,3,2-0-2,HARISH CHAUDHRY,115
629,D,MSL780,MANAGERIAL ECONOMICS,1.5,1-0-0,SUDHIR KUMAR JAIN,115
630,C,MSL780,MANAGERIAL ECONOMICS,1.5,1-0-0,SUDHIR KUMAR JAIN,115
631,F,MSL805,SERVICES OPERATIONS MANAGEMENT,3,3-0-0,RAVI SHANKAR,65
632,R,MSL822,INTERNATIONAL BUSINESS,3,3-0-0,SURENDRA SINGH YADAV,65
633,T,MSL829,CURRENT & EM. ISSUES IN ST. MG,3,3-0-0,SUSHIL,65
634,K,MSL843,SUPPLY CHAIN LOGISTICS MGMT.,3,3-0-0,RAVI SHANKAR,65
635,C,MSL845,TOTAL PROJECT SYSTEMS MGMT.,3,2-0-2,DR.JITENDRA MADAAN,65
636,U1,MSL851,STRATEGIC ALLIANCE,1.5,1-0-0,SANJAY DHIR,65
637,S,MSL855,Electronic Commerce,3,2-0-2,ARPAN KUMAR KAR,65
638,D,MSL861,Market Research,3,3-0-0,HARISH CHAUDHRY,65
639,J,MSL862,Product Management,3,3-0-0,MAHIM SAGAR,65
640,R,MSL863,Advertising and Sales Promotion Management,3,3-0-0,HARISH CHAUDHRY,65
641,B1,MSL871,Banking and Financial Services,1.5,1-0-1,SMITA KASHIRAMKA,65
642,Q,MSL873,Security Analysis & Portfolio Management,3,3-0-0,SHVETA SINGH,65
643,B2,MSL874,Indian Financial System,1.5,1-0-1,SMITA KASHIRAMKA,65
644,E,MSL875,International Financial Management,3,3-0-0,SURENDRA SINGH YADAV,65
645,T1,MSL876,Economics of Digital Business,1.5,1-0-1,ARPAN KUMAR KAR,65
646,T2,MSL878,Electronic Payments,1.5,1-0-1,ARPAN KUMAR KAR,65
647,A,MSL885,Digital Marketing-Analytics & Optimization,3,3-0-0,ARPAN KUMAR KAR,65
648,U2,MSL893,Public Policy Issues in the Information Age,1.5,1-0-1,MANMOHAN PRASAD GUPTA,65
649,P,MST893,CORPORATE SECTOR ATTACHMENT,2,0-0-4,SANJAY DHIR,115
650,P,MTD350,MINI PROJECT,3,0-0-6,SIVANANTHAN SAMPATH,50
651,P,MTD701,PROJECT I,5,0-0-10,ANIMA NAGAR,50
652,P,MTD702,PROJECT 2,6,0-0-12,ANIMA NAGAR,10
653,P,MTD851,MAJOR PROJECT PARTI,6,0-0-12,AMIT PRIYADARSHI,50
654,P,MTD853,Major Project Part-I,4,0-0-8,AMIT PRIYADARSHI,60
655,P,MTD854,Major Project Part-II,18,0-0-36,AMIT PRIYADARSHI,60
656,DM,MTL100,CALCULUS,4,3-1-0,SIVANANTHAN SAMPATH,250
657,DP,MTL100,CALCULUS,4,3-1-0,SIVANANTHAN SAMPATH,250
658,DP,MTL101,LINEAR ALGEBRA & DIFFE. EQUA.,4,3-1-0,N.SHRAVAN KUMAR,250
659,DM,MTL101,LINEAR ALGEBRA & DIFFE. EQUA.,4,3-1-0,N.SHRAVAN KUMAR,250
660,D,MTL104,LINEAR ALGEBRA & APPLICATIONS,3,3-0-0,S.CHANDRA SEKHARA RAO,60
661,B,MTL105,ALGEBRA,3,3-0-0,RAJENDRA KUMAR SHARMA,75
662,J,MTL106,PROBABILITY & STOCHASTIC PRO.,4,3-1-0,NILADRI CHATTERJEE,180
663,H,MTL107,NUMERICAL METHODS& COMPUTATION,3,3-0-0,V.V.K. SRINIVAS KUMAR,120
664,M,MTL146,COMBINATORICS,3,3-0-0,A. TRIPATHI,50
665,B,MTL180,DISCRETE MATHEMATICAL STRUC.,4,3-1-0,A. TRIPATHI,75
666,F,MTL342,ANALYSIS &DESIGN OF ALGORITHMS,4,3-1-0,NILADRI CHATTERJEE,75
667,H,MTL458,OPERATING SYSTEMS,4,3-0-2,BHAWANI SANKAR PANDA,100
668,C,MTL501,ALGEBRA,4,3-1-0,SUBIMAN KUNDU,75
669,K,MTL502,LINEAR ALGEBRA,4,3-1-0,APARNA MEHRA,75
670,J,MTL503,REAL ANALYSIS,4,3-1-0,ANIMA NAGAR,75
671,E,MTL504,ORDINARY DIFFERENTIAL EQUATION,4,3-1-0,V.V.K. SRINIVAS KUMAR,75
672,D,MTL505,COMPUTER PROGRAMMING,4,3-1-0,ANUP SINGH,75
673,F,MTL601,PROBABILITY AND STATISTICS,4,3-1-0,S.DHARMARAJA,75
674,E,MTL602,FUNCTIONAL ANALYSIS,4,3-1-0,ANIMA NAGAR,75
675,H,MTL603,PARTIAL DIFFERENTIAL EQUATIONS,4,3-1-0,Prosenjit Roy,75
676,J,MTL712,COMP. METHODS FOR DIFFER. EQU.,4,3-0-2,S.CHANDRA SEKHARA RAO,75
677,A,MTL730,CRYPTOGRAPHY,3,3-0-0,RAJENDRA KUMAR SHARMA,30
678,E,MTL733,STOCHASTIC OF FINANCE,3,3-0-0,S.DHARMARAJA,40
679,K,MTL763,INTRODUCTION TO GAME THEORY,3,3-0-0,Vikas Vikram Singh,30
680,C,MTL781,FINITE ELEMENT THEORY & APPLI.,3,3-0-0,Kamana Porwal,75
681,A,MTL783,THEORY OF COMPUTATION,3,3-0-0,BHAWANI SANKAR PANDA,75
682,P,MTN101,INTRO TO MATHEMATICS&COMPUTING,1,1-0-0,A. TRIPATHI,60
683,P,MTQ308,Numerical methods for differential equations,1,0-0-2,Viswanathan Puthan Veedu,10
684,P,MTQ309,Topics in algorithms,1,0-0-2,BHAWANI SANKAR PANDA,10
685,P,NCN100,NCC,0,0-0-0,BREJESH LALL,1
686,P,NEN100,PROFE. ETHICS  & SOCIAL RESP.,1,0-0-2,SANGEETA KOHLI,890
687,P,NEN101,PROFE. ETHICS &SOCIAL RESP.-2,1,0-0-2,VAMSI KRISHNA KOMARALA,25
688,P,NIN100,INTRODUCTION TO ENGINEERING,1,1-0-0,ASHU VERMA,889
689,P,NLN100,LANGUAGE & WRITING SKILL,1,0-0-2,PAROMA SANYAL,895
690,P,NPN100,NATIONAL SPORTS ORGANISATION,0,0-0-0,BISHWAJIT KUNDU,1
691,X,NSN100,NSS,0,0-0-0,RAJESH PRASAD,1
692,A,PTL701,POLYMER CHEMISTRY,3,3-0-0,JOSEMON JACOB,40
693,M,PTL703,POLYMER PHYSICS,3,3-0-0,BHABANI KUMAR SATAPATHY,40
694,K,PTL705,POLYMER CHARACTERIZATION,3,2-0-2,LEENA NEBHANI,40
695,B,PTL707,POLYMER ENGG. & RHEOLOGY,3,3-0-0,A.K. GHOSH,40
696,D,PTL714,POLYMER BLENDS & ALLOYS,3,3-0-0,SAMPA SAHA,40
697,J,PTL724,POLYMERIC COATINGS,3,3-0-0,HARPAL SINGH,40
698,E,PTL726,POLYMERIC NANOMATERIALS AND NANOCOMPOSITES,3,3-0-0,Bijay Prakash Tripathi,40
699,P,PTP709,POLYMER SCIENCE LABORATORY,2,0-0-4,SAMPA SAHA,32
700,L,PTV700,SPECIAL LECTURES IN POLYMERS:,1,1-0-0,A.K. GHOSH,40
701,P,PYD411,PROJECT-I,4,0-0-8,AMARTYA SENGUPTA,70
702,P,PYD412,Major Project Part II,8,0-0-16,AMARTYA SENGUPTA,30
703,P,PYD414,PROJECT III,4,0-0-8,AMARTYA SENGUPTA,70
704,P,PYD561,PROJECT I,3,0-0-6,JITENDRA PRATAP SINGH,70
705,P,PYD562,PROJECT II,6,0-0-12,JITENDRA PRATAP SINGH,70
706,P,PYD801,Major Project Part-I,6,0-0-12,PINTU DAS,50
707,P,PYD851,Major Project Part-I ,6,0-0-12,P.SENTHILKUMARAN,30
708,A,PYL100,ELECTROMAGNETIC WAVES&QUA.MEC.,3,3-0-0,Rohit Narula,300
709,H,PYL102,PRINCIPLES OF ELECT. MATERIALS,3,3-0-0,PINTU DAS,165
710,D,PYL113,MATHEMATICAL PHYSICS,4,3-1-0,H.C. GUPTA,70
711,E,PYL115,APPLIED OPTICS,4,3-1-0,ANURAG SHARMA,100
712,E,PYL116,ELEMENTS OF MATERIALS PROCEG,4,3-1-0,PRANABA KISHOR MUDULI,100
713,C,PYL201,FUNDAM. OF DIELECTRICS & SEMI.,4,3-1-0,GADDAM VIJAYA PRAKASH,70
714,B,PYL203,CLASSICAL MECHANICS & RELATIV.,4,3-1-0,SUJIN B.BABU,125
715,H,PYL306,MICROELECTRONIC DEVICES,3,3-0-0,RAJENDRA SINGH,70
716,E,PYL311,LASERS,3,3-0-0,ALOKA SINHA,70
717,J,PYL312,SEMICONDUCTOR OPTOELECTRONICS,3,3-0-0,AMARTYA SENGUPTA,70
718,H,PYL331,APPLIED QUANTUM MECHANICS,3,3-0-0,V.RAVISHANKAR,60
719,F,PYL411,QUANTUM ELECTRONICS,3,3-0-0,R.K. SONI,100
720,C,PYL414,ENGINEERING OPTICS,3,3-0-0,JOBY JOSEPH,70
721,X,PYL431,RELATIVISTIC QUANTUM MECHANICS,2,2-0-0,V.RAVISHANKAR,70
722,K,PYL434,PARTICLE ACCELERATORS,2,2-0-0,JITENDRA PRATAP SINGH,70
723,A,PYL551,CLASSICAL MECHANICS,4,3-1-0,RAHUL SURESH MARATHE,70
724,C,PYL553,MATHEMATICAL PHYSICS,4,3-1-0,Brajesh Kumar Mani,60
725,E,PYL555,QUANTUM MECHANICS I,4,3-1-0,AJIT KUMAR,60
726,F,PYL557,ELECTRONICS,4,3-1-0,MUKESH CHANDER,60
727,E,PYL567,ATOMIC AND MOLECULAR PHYSICS,3,3-0-0,SUNIL KUMAR,60
728,F,PYL569,NUCLEAR AND PARTICLE PHYSICS,3,3-0-0,A.K. SHUKLA,60
729,B,PYL655,LASER PHYSICS,3,3-0-0,ANURAG SHARMA,70
730,D,PYL657,PLASMA PHYSICS,3,3-0-0,HITENDRA KUMAR MALIK,60
731,C,PYL701,PHYSICAL FOUNDATIONS OF MATERI,3,3-0-0,PANKAJ SRIVASTAVA,50
732,D,PYL702,PHYSICS OF SEMICONDUCTOR DEVIC,3,3-0-0,BODH RAJ,50
733,E,PYL703,ELECTRONIC PROPERTIES OF MATER,3,3-0-0,G.B. REDDY,50
734,H,PYL707,CHARACTERISATION TEC. FOR MAT.,3,3-0-0,SANTANU GHOSH,50
735,K,PYL723,VACUUM SCIENCE AND CRYOGENICS,3,3-0-0,RAJENDRA SINGH DHAKA,70
736,J,PYL724,Advances in Spintronics,3,3-0-0,RATANAMALA CHATTERJEE,50
737,A,PYL739,COMP. TE. FOR SOLID STATE MAT.,3,3-0-0,SASWATA BHATTACHARYA,60
738,C,PYL740,ADVAN. CONDENSED MATTER THEORY,3,3-0-0,SANKALPA GHOSH,40
739,H,PYL744,HIGH ENERGY PHYSICS,3,3-0-0,AMRUTA MISHRA,40
740,B,PYL753,OPTICAL SYSTEMS DESIGN,3,3-0-0,B.D. GUPTA,40
741,J,PYL755,BASIC OPTICS AND OPTICAL INSTR,3,3-0-0,P.SENTHILKUMARAN,40
742,K,PYL759,Computational optical imaging ,3,3-0-0,KEDAR BHALCHANDRA KHARE,60
743,M,PYL771,Green Photonics ,3,3-0-0,DALIP SINGH MEHTA,70
744,D,PYL791,FIBER OPTICS,3,3-0-0,ARUN KUMAR,40
745,C,PYL793,PHOTONIC DEVICES,3,3-0-0,M.R. SHENOY,50
746,J,PYL795,OPTICS AND LASERS,3,3-0-0,R.K. VARSHNEY,50
747,X,PYL800,NUM. & COMP. METH. IN RESEARCH,3,3-0-0,VARSHA BANERJEE,60
748,NM,PYN101,INTRO. TO ENGINEERING PHYSICS,1,0-0-2,ANURAG SHARMA,56
749,QM,PYP100,PHYSICS LABORATORY,2,0-0-4,KEDAR BHALCHANDRA KHARE,250
750,QP,PYP100,PHYSICS LABORATORY,2,0-0-4,SUNIL KUMAR,250
751,P,PYP111,ENGINEERING PHYSICS LAB-I,3,0-0-6,G.B. REDDY,70
752,P,PYP221,ENGINEERING PHYSICS LAB III,4,0-0-8,R.K. SONI,70
753,P,PYP561,LABORATORY I,4,0-0-8,P.SENTHILKUMARAN,55
754,P,PYP563,ADVANCED LABORATORY,4,0-0-8,P.SENTHILKUMARAN,55
755,P,PYP701,SOLID STATE MATERIALS LABORATO,3,0-0-6,RAJENDRA SINGH,30
756,P,PYP761,OPTICAL FABRICATION AND METROL,3,0-0-6,GUFRAN SAYEED KHAN,30
757,K,PYQ301,SEMINAR COURSE - I,1,0-0-2,VARSHA BANERJEE,40
758,K,PYQ302,SEMINAR COURSE - II,1,0-0-2,NEERAJ KHARE,40
759,P,PYQ303,SEMINAR COURSE - III,1,0-0-2,ALOKA SINHA,40
760,P,PYS300,INDEPENDENT STUDY,3,0-3-0,SANTANU GHOSH,95
761,P,RDD750,MINOR PROJECT,3,3-0-0,HARIPRASAD P.,20
762,J,RDL700,BIOMAS PRODUCTION,3,3-0-0,SATYAWATI SHARMA,60
763,M,RDL705,RURAL RESOURCES AND LIVEIHODS,3,3-0-0,S.N.NAIK,60
764,F,RDL722,RURAL ENERGY SYSTEMS,3,3-0-0,VIRENDRA KUMAR VIJAY,100
765,X,RDL730,TECHNOLOGY ALTERNATIVES  FOR RURAL DEVELOPMENT,3,3-0-0,VIJAYARAGHAVAN M. CHARIAR,75
766,B,RDL740,TECHNOLOGY OF UTILIZATION OF WASTELANDS & WEEDS,3,3-0-0,ANUSHREE MALIK,60
767,H,RDL807,WOMEN TECHNOLOGY AND DEVELOPMENT,3,2-0-2,SATYAWATI SHARMA,60
768,P,RDP750,BIOMASS LABORATORY,3,0-0-6,HARIPRASAD P.,20
769,P,RDQ301,SEMINAR COURSE - I,1,0-0-2,JATINDRA KUMAR SAHU,30
770,P,RDQ302,SEMINAR COURSE - II,1,0-0-2,S.N.NAIK,30
771,P,RDQ304,SEMINAR COURSE-IV,1,0-0-2,HARIPRASAD P.,30
772,P,RDQ305,SEMINAR COURSE-V,1,0-0-2,Kavya Dashora,30
773,P,SBC795,GRADUATE STUDENT RESEARCH SEMINAR,0.5,0-0-2,CHINMOY SANKAR DEY,25
774,P,SBD301,MINI PROJECT,3,0-0-6,MANIDIPA BANERJEE,10
775,P,SBD895,MS RESEARCH PROJECT,40,0-0-80,MANIDIPA BANERJEE,10
776,C,SBL100,INTRO. TO BIOLOGY FOR ENGINEER,4,3-0-2,BISHWAJIT KUNDU,550
777,H,SBL201,HIGH-DIMENSIONAL BIOLOGY,3,3-0-0,ASHOK KUMAR PATEL,50
778,M,SBL706,BIOLOGICS,3,3-0-0,ARCHHANA CHUGH,60
779,E,SBL708,EPIGENETICS IN HUMAN HEALTH AND DISEASE,3,3-0-0,VIVEKANANDAN PERUMAL,60
780,B,SBL710,CHEMICAL BIOLOGY,3,3-0-0,TAPAN KUMAR CHAUDHURI,60
781,F,SBL713,INTRO. TO STRUCTURAL BIOLOGY,3,3-0-0,MANIDIPA BANERJEE,50
782,P,SBP200,INTRODUCTION TO PRACTICAL MODERN BIOLOGY,2,0-0-4,ADITYA MITTAL,20
783,P,SBS800,INDEPENDENT STUDY,3,0-3-0,MANIDIPA BANERJEE,10
784,J,SBV882,BIOLOGICAL MEMBRANES,1,1-0-0,ADITYA MITTAL,50
785,D,SBV884,ELEMENTS OF NEUROSCIENCE,1,1-0-0,JAMES GOMES,60
786,J,SBV887,CURRENT TOPICS IN COMPUTATIONAL BIOLOGY,1,1-0-0,ADITYA MITTAL,50
787,J,SBV888,COMPUTER-AIDED DRUG DISCOVERY,1,1-0-0,B. JAYARAM,50
788,P,SID880,MINOR PROJECT IN INFORMATION TECHNOLOGY,3,0-0-6,SANJIVA PRASAD,30
789,P,SID890,MS RESEARCH PROJECT,40,0-0-80,SANJIVA PRASAD,30
790,P,SIV864,SPECIAL MODULE ON MEDIA PROCESSING & COMMUNICATION,1,1-0-0,PREM KUMAR KALRA,30
791,P,TXD301,MINI PROJECT,3,0-0-6,ASHWINI K. AGRAWAL,80
792,P,TXD401,MAJOR PROJECT PART I,4,0-0-8,BHANU NANDAN,120
793,P,TXD402,MAJOR PROJECT PART II,8,0-0-16,BHANU NANDAN,120
794,P,TXD801,Major Project Part-I (TXE),6,0-0-12,R.S. RENGASAMY,25
795,P,TXD802,Major Project Part-I (TXF),6,0-0-12,MANJEET JASSAL,25
796,D,TXL111,TEXTILE FIBRES,3,2-0-2,BHUPENDRA SINGH BUTOLA,120
797,B,TXL130,POLYMER CHEMISTRY,3,3-0-0,RAJIV K. SRIVASTAVA,120
798,E,TXL212,MANUFACTURED FIBRE TECHNOLOGY,3,3-0-0,SOURABH GHOSH,120
799,B,TXL222,YARN MANUFACTURE II,3,3-0-0,APURBA DAS,120
800,D,TXL232,FABRIC MANUFACTURE II,3,3-0-0,V.K. KOTHARI,120
801,F,TXL242,TECH. OF TEXTILE COLORATION,3,3-0-0,MD. S. WAZED ALI,125
802,H,TXL321,MULTI AND LONG FIBRE SPINNING,3,3-0-0,R. CHATTOPADHYAY,80
803,E,TXL381,COSTING & ITS APP. IN TEXTILES,4,3-1-0,ABHIJIT MUJUMDAR,75
804,J,TXL382,APPLIED STATISTICS FOR TEXTILE ENGINEERS,3,3-0-0,DIPAYAN DAS,75
805,F,TXL710,H.P. AND SPECIALTY FIBRES,3,3-0-0,MANJEET JASSAL,80
806,A,TXL711,POLYMER AND FIBRE CHEMISTRY,3,3-0-0,BHUVANESH GUPTA,25
807,B,TXL712,POLYMER AND FIBRE PHYSICS,3,3-0-0,BHANU NANDAN,40
808,E,TXL713,TECHNOLOGY OF MELT SPUN FIBRES,4,3-1-0,ASHWINI K. AGRAWAL,25
809,E,TXL721,THEORY OF YARN STRUCTURE,3,3-0-0,DIPAYAN DAS,25
810,A,TXL722,MECHANICS OF SPINNING PROCESSE,3,3-0-0,S.M. ISHTIAQUE,25
811,H,TXL724,TEXTURED YARN TECHNOLOGY,3,3-0-0,KUSHAL SEN,80
812,F,TXL731,THEORY OF FABRIC STRUCTURE,3,3-0-0,AMIT RAWAL,25
813,B,TXL732,ADVANCED FABRIC MANUFACTURING,3,3-0-0,B.K.BEHERA,60
814,E,TXL747,COLOUR SCIENCE,3,3-0-0,SAMRAT MUKHOPADHYAY,25
815,F,TXL749,THEORY AND PRACTICE OF DYEING,3,3-0-0,BHUPENDRA SINGH BUTOLA,40
816,D,TXL750,SCIENCE OF CLOTHING COMFORT,3,3-0-0,R.ALAGIRUSAMY,80
817,J,TXL752,DESIGN OF FUNCTIONAL CLOTHING,3,3-0-0,DEEPTI GUPTA,60
818,C,TXL753,ADVANCED TEXTILE PRINTING TECHNOLOGY,2,2-0-0,KUSHAL SEN,25
819,M,TXL772,Computational Methods for Textiles,3,2-0-2,PRAGYA JAIN,80
820,J,TXL774,PROC. CONTROL IN YARN & FABRIC,3,3-0-0,ABHIJIT MUJUMDAR,25
821,C,TXL781,PROJECT APPRAISAL AND FINANCE,3,3-0-0,R.S. RENGASAMY,80
822,NM,TXN101,INTRODUCTION TO TEXTILE TECH.,1,0-0-2,MD. S. WAZED ALI,120
823,B,TXP222,YARN MANUFACTURE LAB II,1,0-0-2,R. CHATTOPADHYAY,120
824,D,TXP232,FABRIC MANUFACTURE LAB II,1,0-0-2,AMIT RAWAL,120
825,F,TXP242,TECH OF TEXTILE COLORATION LAB,1.5,0-0-3,Javed Nabibaksha Sheikh,120
826,A,TXP711,POLYMER AND FIBRE CHEMISTRY LA,1,0-0-2,BHUVANESH GUPTA,25
827,B,TXP712,POLYMER AND FIBRE PHYSICS LABO,1,0-0-2,BHANU NANDAN,25
828,F,TXP749,TEXTILE COLORATION LAB,1,0-0-2,BHUPENDRA SINGH BUTOLA,25
829,P,TXP751,CHARACTERIZATION OF CHEMICALS AND FINISHED TEXTILES LAB,1,0-0-2,Javed Nabibaksha Sheikh,25
830,P,TXQ301,Seminar Course 1,1,0-0-2,KUSHAL SEN,120
831,P,TXR752,PROFESSIONAL PRACTICES,1,0-0-2,KUSHAL SEN,50
832,P,TXS301,INDEPENDENT STUDY,3,0-3-0,ASHWINI K. AGRAWAL,50
833,P,VED750,MINOR PROJECT,3,0-0-6,M.R. RAVI,15
834,M,VEL700,HUMAN VALUES AND TECHNOLOGY,3,2-1-0,SANGEETA KOHLI,60
